<?xml version="1.0" encoding="UTF-8"?><Users> 
  <User> 
    <UserName>Usher</UserName>  
    <PassWord>1012520</PassWord> 
  </User>  
  <User> 
    <UserName>Justin</UserName>  
    <PassWord>3edcvfr4A</PassWord> 
  </User>  
  <User> 
    <UserName>Siva</UserName>  
    <PassWord>1012520</PassWord> 
  </User>  
  <User> 
    <UserName>Sura</UserName>  
    <PassWord>1012520</PassWord> 
  </User>  
  <User> 
    <UserName>Echo</UserName>  
    <PassWord>Apple123</PassWord> 
  </User>  
  <User>
    <UserName>yy14005</UserName>
    <PassWord>Zouni@1</PassWord>
  </User>
</Users>